{
    "loss": 1.309993863105774,
    "accuracy": 0.7450980544090271
}